{"standard": {"std": [5.2240350836243845, 106.33868750249708, 521.502203299373, 8.783113916669448, 5.215022032993731], "mean": [1.127431182815178, 495.7477678139317, 39.47007203478073, -243.3689252653061, -0.3947007203478073]}, "houses": {"Ravenclaw": [-2.2834119687824836, 0.9077256867945847, 1.5375291609872261, -0.7636688202981141, 1.6533025999595845, 0.763668820298114], "Slytherin": [-3.046940841293546, -1.2268928997895507, -1.835120847081057, -1.393750566576984, -1.0440617261649592, 1.3937505665769843], "Gryffindor": [-2.863193161582108, -1.3718091045565093, 2.4617887885760257, 0.9218238636407502, -0.8671644161818658, -0.9218238636407505], "Hufflepuff": [-1.7060572830247336, 1.8819475637144316, -2.4393337760540197, 1.2589004808589848, 0.23175097854226792, -1.258900480858984]}}