Astronomy,Herbology,Defense Against the Dark Arts,Ancient Runes,Charms
0.591859413489813,-0.9588870940946119,-0.5835309822238337,1.5412447937392224,-0.690124049649905
0.8646928803295919,1.2533878540035164,-0.8593590658629887,-1.5167697988172955,0.152392203211096
-0.6550801216332557,0.7266781829054575,0.6582833653804833,1.2331412128074577,1.3402422629294752
-0.9087668609300469,-0.9137094889770802,0.9148457684598704,-1.171481912044343,-0.7151289808110365
520.2982676051708,5.2196819935318235,5.212793707585853,106.28516457845274,8.783639876017117
39.79713089016475,1.1410195296768046,-0.38786349744178633,495.74797005915786,-243.3744090125
