Astronomy,Herbology,Defense Against the Dark Arts,Divination,Ancient Runes,Charms
[0.72929188],[0.0705496],[0.12951383],[0.13057232],[0.04141943],[0.72576901]
[1.23085265],[0.05334719],[-0.01303393],[0.00713893],[-1.10471729],[0.03085315]
[-1.03168356],[0.16798165],[0.1291954],[0.15778614],[0.09900368],[0.79570361]
[-1.08559063],[0.00933862],[0.06970116],[0.00484793],[-1.30221437],[0.26187899]
