Astronomy,Herbology,Defense Against the Dark Arts,Divination,Ancient Runes,Charms
0.46936616384463864,-1.1117889595370927,-0.4613793394606117,0.4335445746161882,1.405520051731402,-0.8308508037976925
0.777102539166941,1.1714744304886697,-0.7719049296162285,0.25886007078658285,-1.623540487358037,0.07531171777717983
-0.8052372375431652,0.6097455594891946,0.8080270185034104,0.46332636797910487,1.0924511190470816,1.2428186493457187
-0.6760724388162709,-0.7128158867949662,0.6816418670121533,-1.4499229116704373,-0.9065293757474012,-0.4941898287939769
